{
  "general": {
    "random_seed": 0,
    "simulation_name": "10K_accts",
    "total_steps": 367
  },
  "default": {
    "min_amount": 1,
    "max_amount": 150000,
    "mean_amount": 637,
    "std_amount": 3000,
    "mean_amount_sar": 2000,
    "std_amount_sar": 3000,
    "prob_income": 0.0,
    "mean_income": 0.0,
    "std_income": 0.0,
    "prob_income_sar": 0.0,
    "mean_income_sar": 0.0,
    "std_income_sar": 0.0,
    "mean_outcome": 200,
    "std_outcome": 1000,
    "mean_outcome_sar": 200,
    "std_outcome_sar": 1000,
    "mean_phone_change_frequency": 1460,
    "std_phone_change_frequency": 365,
    "mean_phone_change_frequency_sar": 365,
    "std_phone_change_frequency_sar": 182,
    "mean_bank_change_frequency": 1460,
    "std_bank_change_frequency": 1,
    "mean_bank_change_frequency_sar": 1460,
    "std_bank_change_frequency_sar": 1,
    "margin_ratio": 0.1
  },
  "input": {
    "directory": "paramFiles/10K_accts",
    "schema": "schema.json",
    "accounts": "accounts.csv",
    "alert_patterns": "alertPatterns.csv",
    "normal_models": "normalModels.csv",
    "degree": "degree.csv",
    "transaction_type": "transactionType.csv",
    "is_aggregated_accounts": true
  },
  "temporal": {
    "directory": "tmp",
    "transactions": "transactions.csv",
    "accounts": "accounts.csv",
    "alert_members": "alert_members.csv",
    "normal_models": "normal_models.csv"
  },
  "output": {
    "directory": "outputs",
    "transaction_log": "tx_log.csv"
  },
  "graph_generator": {
    "degree_threshold": 1
  },
  "simulator": {
    "transaction_limit": 100000,
    "transaction_interval": 7,
    "sar_interval": 7
  }
}